"","type","scenario","policy","policy_length","climate_shock_labels","recovery_time_months","recovery_time_3months_baseline"
"1","stock",3,"No fishing males",12,"Apr-Aug",5,86
"2","stock",3,"No fishing females",12,"Apr-Aug",3,86
"3","stock",6,"No fishing females",12,"Apr-Aug",5,11
"4","stock",6,"Full closure",12,"Apr-Aug",5,11
"5","stock",4,"No fishing females",12,"Apr-Aug",3,76
"6","stock",4,"No fishing males",12,"Apr-Aug",5,76
"7","stock",7,"Increase male size limit",12,"Apr-Aug",19,27
"8","stock",7,"Full closure",12,"Apr-Aug",30,27
"9","stock",3,"Increase male size limit",12,"Apr-Aug",17,86
"10","stock",5,"No fishing males",12,"Apr-Aug",5,16
"11","stock",5,"Increase male size limit",12,"Apr-Aug",49,16
"12","stock",1,"No fishing males",12,"Apr-Aug",3,4
"13","stock",6,"Increase male size limit",12,"Apr-Aug",17,11
"14","stock",6,"No fishing males",12,"Apr-Aug",5,11
"15","stock",1,"Full closure",12,"Apr-Aug",6,4
"16","stock",1,"No fishing females",12,"Apr-Aug",5,4
"17","stock",8,"Increase male size limit",12,"Apr-Aug",74,56
"18","stock",8,"Full closure",12,"Apr-Aug",63,56
"19","stock",8,"No fishing females",12,"Apr-Aug",78,56
"20","stock",1,"Increase male size limit",12,"Apr-Aug",17,4
"21","stock",5,"No fishing females",12,"Apr-Aug",3,16
"22","stock",8,"No fishing males",12,"Apr-Aug",72,56
"23","stock",10,"Full closure",12,"Apr-Aug",999,999
"24","stock",10,"No fishing females",12,"Apr-Aug",999,999
"25","stock",10,"Increase male size limit",12,"Apr-Aug",999,999
"26","stock",3,"Full closure",12,"Apr-Aug",3,86
"27","stock",9,"No fishing males",12,"Apr-Aug",999,999
"28","stock",9,"Increase male size limit",12,"Apr-Aug",999,999
"29","stock",9,"Full closure",12,"Apr-Aug",72,999
"30","stock",2,"No fishing females",12,"Apr-Aug",5,3
"31","stock",10,"No fishing males",12,"Apr-Aug",79,999
"32","stock",9,"No fishing females",12,"Apr-Aug",999,999
"33","stock",4,"Increase male size limit",12,"Apr-Aug",17,76
"34","stock",2,"No fishing males",12,"Apr-Aug",6,3
"35","stock",5,"Full closure",12,"Apr-Aug",11,16
"36","stock",2,"Full closure",12,"Apr-Aug",8,3
"37","stock",7,"No fishing females",12,"Apr-Aug",47,27
"38","stock",4,"Full closure",12,"Apr-Aug",6,76
"39","stock",7,"No fishing males",12,"Apr-Aug",30,27
"40","stock",2,"Increase male size limit",12,"Apr-Aug",17,3
"41","stock",3,"Increase male size limit",12,"Sep-Nov",21,5
"42","stock",4,"Full closure",12,"Sep-Nov",3,999
"43","stock",6,"Full closure",12,"Sep-Nov",4,4
"44","stock",3,"Full closure",12,"Sep-Nov",3,5
"45","stock",7,"No fishing females",12,"Sep-Nov",5,32
"46","stock",7,"Increase male size limit",12,"Sep-Nov",17,32
"47","stock",7,"No fishing males",12,"Sep-Nov",5,32
"48","stock",10,"Full closure",12,"Sep-Nov",75,999
"49","stock",6,"No fishing males",12,"Sep-Nov",8,4
"50","stock",9,"No fishing males",12,"Sep-Nov",49,49
"51","stock",9,"Full closure",12,"Sep-Nov",27,49
"52","stock",4,"No fishing males",12,"Sep-Nov",3,999
"53","stock",4,"Increase male size limit",12,"Sep-Nov",17,999
"54","stock",7,"Full closure",12,"Sep-Nov",32,32
"55","stock",2,"No fishing males",12,"Sep-Nov",8,29
"56","stock",2,"Increase male size limit",12,"Sep-Nov",17,29
"57","stock",2,"No fishing females",12,"Sep-Nov",5,29
"58","stock",2,"Full closure",12,"Sep-Nov",11,29
"59","stock",3,"No fishing females",12,"Sep-Nov",8,5
"60","stock",5,"No fishing males",12,"Sep-Nov",15,4
"61","stock",5,"No fishing females",12,"Sep-Nov",20,4
"62","stock",5,"Increase male size limit",12,"Sep-Nov",17,4
"63","stock",5,"Full closure",12,"Sep-Nov",11,4
"64","stock",6,"Increase male size limit",12,"Sep-Nov",17,4
"65","stock",8,"Increase male size limit",12,"Sep-Nov",17,30
"66","stock",3,"No fishing males",12,"Sep-Nov",8,5
"67","stock",6,"No fishing females",12,"Sep-Nov",3,4
"68","stock",8,"No fishing males",12,"Sep-Nov",4,30
"69","stock",9,"Increase male size limit",12,"Sep-Nov",48,49
"70","stock",9,"No fishing females",12,"Sep-Nov",24,49
"71","stock",4,"No fishing females",12,"Sep-Nov",7,999
"72","stock",10,"No fishing males",12,"Sep-Nov",26,999
"73","stock",10,"No fishing females",12,"Sep-Nov",999,999
"74","stock",8,"No fishing females",12,"Sep-Nov",12,30
"75","stock",8,"Full closure",12,"Sep-Nov",3,30
"76","stock",10,"Increase male size limit",12,"Sep-Nov",37,999
"77","stock",1,"Increase male size limit",12,"Sep-Nov",21,20
"78","stock",1,"No fishing females",12,"Sep-Nov",3,20
"79","stock",1,"Full closure",12,"Sep-Nov",5,20
"80","stock",1,"No fishing males",12,"Sep-Nov",36,20
"81","stock",2,"Increase male size limit",12,"Feb-Aug",17,12
"82","stock",7,"Increase male size limit",12,"Feb-Aug",48,999
"83","stock",8,"No fishing males",12,"Feb-Aug",72,999
"84","stock",4,"No fishing males",12,"Feb-Aug",28,26
"85","stock",4,"Increase male size limit",12,"Feb-Aug",31,26
"86","stock",5,"Increase male size limit",12,"Feb-Aug",28,15
"87","stock",6,"Increase male size limit",12,"Feb-Aug",17,24
"88","stock",6,"No fishing males",12,"Feb-Aug",14,24
"89","stock",7,"No fishing females",12,"Feb-Aug",43,999
"90","stock",10,"No fishing females",12,"Feb-Aug",999,999
"91","stock",10,"No fishing males",12,"Feb-Aug",999,999
"92","stock",10,"Increase male size limit",12,"Feb-Aug",999,999
"93","stock",5,"Full closure",12,"Feb-Aug",16,15
"94","stock",8,"Full closure",12,"Feb-Aug",64,999
"95","stock",9,"Increase male size limit",12,"Feb-Aug",999,999
"96","stock",2,"No fishing males",12,"Feb-Aug",6,12
"97","stock",2,"No fishing females",12,"Feb-Aug",12,12
"98","stock",2,"Full closure",12,"Feb-Aug",7,12
"99","stock",5,"No fishing males",12,"Feb-Aug",16,15
"100","stock",9,"No fishing females",12,"Feb-Aug",999,999
"101","stock",3,"Increase male size limit",12,"Feb-Aug",36,28
"102","stock",4,"Full closure",12,"Feb-Aug",11,26
"103","stock",7,"Full closure",12,"Feb-Aug",76,999
"104","stock",9,"No fishing males",12,"Feb-Aug",999,999
"105","stock",3,"Full closure",12,"Feb-Aug",8,28
"106","stock",5,"No fishing females",12,"Feb-Aug",5,15
"107","stock",3,"No fishing females",12,"Feb-Aug",6,28
"108","stock",4,"No fishing females",12,"Feb-Aug",15,26
"109","stock",8,"Increase male size limit",12,"Feb-Aug",999,999
"110","stock",9,"Full closure",12,"Feb-Aug",999,999
"111","stock",6,"Full closure",12,"Feb-Aug",11,24
"112","stock",8,"No fishing females",12,"Feb-Aug",73,999
"113","stock",7,"No fishing males",12,"Feb-Aug",18,999
"114","stock",3,"No fishing males",12,"Feb-Aug",14,28
"115","stock",6,"No fishing females",12,"Feb-Aug",64,24
"116","stock",1,"No fishing females",12,"Feb-Aug",30,6
"117","stock",1,"No fishing males",12,"Feb-Aug",6,6
"118","stock",1,"Full closure",12,"Feb-Aug",5,6
"119","stock",1,"Increase male size limit",12,"Feb-Aug",17,6
"120","stock",10,"Full closure",12,"Feb-Aug",999,999
"121","stock",7,"Increase male size limit",12,"Jan-Aug",37,57
"122","stock",2,"Increase male size limit",12,"Jan-Aug",17,10
"123","stock",2,"No fishing males",12,"Jan-Aug",13,10
"124","stock",3,"No fishing males",12,"Jan-Aug",6,39
"125","stock",4,"Full closure",12,"Jan-Aug",13,15
"126","stock",5,"Full closure",12,"Jan-Aug",15,35
"127","stock",4,"No fishing females",12,"Jan-Aug",13,15
"128","stock",8,"No fishing males",12,"Jan-Aug",76,999
"129","stock",2,"No fishing females",12,"Jan-Aug",10,10
"130","stock",5,"Increase male size limit",12,"Jan-Aug",25,35
"131","stock",8,"No fishing females",12,"Jan-Aug",76,999
"132","stock",3,"Full closure",12,"Jan-Aug",24,39
"133","stock",6,"Increase male size limit",12,"Jan-Aug",49,29
"134","stock",9,"Increase male size limit",12,"Jan-Aug",999,999
"135","stock",9,"Full closure",12,"Jan-Aug",999,999
"136","stock",8,"Full closure",12,"Jan-Aug",66,999
"137","stock",9,"No fishing females",12,"Jan-Aug",999,999
"138","stock",3,"Increase male size limit",12,"Jan-Aug",29,39
"139","stock",5,"No fishing males",12,"Jan-Aug",37,35
"140","stock",7,"Full closure",12,"Jan-Aug",19,57
"141","stock",9,"No fishing males",12,"Jan-Aug",999,999
"142","stock",5,"No fishing females",12,"Jan-Aug",25,35
"143","stock",7,"No fishing males",12,"Jan-Aug",43,57
"144","stock",7,"No fishing females",12,"Jan-Aug",36,57
"145","stock",3,"No fishing females",12,"Jan-Aug",5,39
"146","stock",8,"Increase male size limit",12,"Jan-Aug",73,999
"147","stock",6,"No fishing males",12,"Jan-Aug",30,29
"148","stock",6,"No fishing females",12,"Jan-Aug",12,29
"149","stock",6,"Full closure",12,"Jan-Aug",40,29
"150","stock",4,"Increase male size limit",12,"Jan-Aug",17,15
"151","stock",4,"No fishing males",12,"Jan-Aug",3,15
"152","stock",10,"No fishing females",12,"Jan-Aug",999,999
"153","stock",10,"Increase male size limit",12,"Jan-Aug",999,999
"154","stock",10,"No fishing males",12,"Jan-Aug",999,999
"155","stock",10,"Full closure",12,"Jan-Aug",999,999
"156","stock",1,"Full closure",12,"Jan-Aug",17,26
"157","stock",2,"Full closure",12,"Jan-Aug",3,10
"158","stock",1,"No fishing females",12,"Jan-Aug",5,26
"159","stock",1,"No fishing males",12,"Jan-Aug",14,26
"160","stock",1,"Increase male size limit",12,"Jan-Aug",18,26
"161","stock",7,"Increase male size limit",12,"July",33,34
"162","stock",2,"No fishing males",12,"July",3,999
"163","stock",6,"No fishing males",12,"July",5,20
"164","stock",6,"Increase male size limit",12,"July",17,20
"165","stock",7,"No fishing females",12,"July",20,34
"166","stock",7,"No fishing males",12,"July",65,34
"167","stock",3,"Full closure",12,"July",5,4
"168","stock",2,"No fishing females",12,"July",6,999
"169","stock",10,"No fishing females",12,"July",66,59
"170","stock",2,"Full closure",12,"July",5,999
"171","stock",3,"Increase male size limit",12,"July",29,4
"172","stock",2,"Increase male size limit",12,"July",28,999
"173","stock",3,"No fishing females",12,"July",3,4
"174","stock",4,"No fishing females",12,"July",6,74
"175","stock",4,"Increase male size limit",12,"July",17,74
"176","stock",4,"Full closure",12,"July",5,74
"177","stock",5,"Full closure",12,"July",8,18
"178","stock",10,"No fishing males",12,"July",90,59
"179","stock",8,"No fishing females",12,"July",45,999
"180","stock",10,"Full closure",12,"July",44,59
"181","stock",10,"Increase male size limit",12,"July",51,59
"182","stock",9,"Full closure",12,"July",55,999
"183","stock",9,"No fishing females",12,"July",51,999
"184","stock",9,"Increase male size limit",12,"July",50,999
"185","stock",4,"No fishing males",12,"July",5,74
"186","stock",9,"No fishing males",12,"July",77,999
"187","stock",5,"No fishing females",12,"July",5,18
"188","stock",3,"No fishing males",12,"July",3,4
"189","stock",7,"Full closure",12,"July",11,34
"190","stock",5,"Increase male size limit",12,"July",31,18
"191","stock",6,"No fishing females",12,"July",5,20
"192","stock",6,"Full closure",12,"July",5,20
"193","stock",5,"No fishing males",12,"July",5,18
"194","stock",8,"Full closure",12,"July",38,999
"195","stock",8,"Increase male size limit",12,"July",66,999
"196","stock",8,"No fishing males",12,"July",38,999
"197","stock",1,"No fishing females",12,"July",5,39
"198","stock",1,"Full closure",12,"July",3,39
"199","stock",1,"No fishing males",12,"July",3,39
"200","stock",1,"Increase male size limit",12,"July",17,39
"201","stock",2,"Increase male size limit",12,"Jun-Dec",17,999
"202","stock",2,"No fishing males",12,"Jun-Dec",14,999
"203","stock",4,"Increase male size limit",12,"Jun-Dec",25,29
"204","stock",4,"Full closure",12,"Jun-Dec",11,29
"205","stock",4,"No fishing males",12,"Jun-Dec",25,29
"206","stock",4,"No fishing females",12,"Jun-Dec",32,29
"207","stock",5,"No fishing males",12,"Jun-Dec",5,25
"208","stock",3,"No fishing females",12,"Jun-Dec",21,23
"209","stock",2,"Full closure",12,"Jun-Dec",10,999
"210","stock",3,"Full closure",12,"Jun-Dec",5,23
"211","stock",5,"Increase male size limit",12,"Jun-Dec",17,25
"212","stock",6,"No fishing females",12,"Jun-Dec",73,25
"213","stock",7,"Increase male size limit",12,"Jun-Dec",21,30
"214","stock",6,"Full closure",12,"Jun-Dec",14,25
"215","stock",6,"Increase male size limit",12,"Jun-Dec",24,25
"216","stock",8,"Full closure",12,"Jun-Dec",999,999
"217","stock",3,"No fishing males",12,"Jun-Dec",15,23
"218","stock",8,"No fishing males",12,"Jun-Dec",49,999
"219","stock",9,"Increase male size limit",12,"Jun-Dec",999,999
"220","stock",2,"No fishing females",12,"Jun-Dec",28,999
"221","stock",10,"Full closure",12,"Jun-Dec",999,999
"222","stock",3,"Increase male size limit",12,"Jun-Dec",25,23
"223","stock",9,"No fishing females",12,"Jun-Dec",999,999
"224","stock",7,"Full closure",12,"Jun-Dec",15,30
"225","stock",7,"No fishing females",12,"Jun-Dec",25,30
"226","stock",9,"Full closure",12,"Jun-Dec",999,999
"227","stock",8,"No fishing females",12,"Jun-Dec",73,999
"228","stock",7,"No fishing males",12,"Jun-Dec",45,30
"229","stock",5,"Full closure",12,"Jun-Dec",12,25
"230","stock",5,"No fishing females",12,"Jun-Dec",12,25
"231","stock",6,"No fishing males",12,"Jun-Dec",51,25
"232","stock",1,"No fishing males",12,"Jun-Dec",25,26
"233","stock",8,"Increase male size limit",12,"Jun-Dec",73,999
"234","stock",9,"No fishing males",12,"Jun-Dec",999,999
"235","stock",1,"Increase male size limit",12,"Jun-Dec",17,26
"236","stock",10,"No fishing females",12,"Jun-Dec",999,999
"237","stock",1,"No fishing females",12,"Jun-Dec",14,26
"238","stock",10,"Increase male size limit",12,"Jun-Dec",999,999
"239","stock",1,"Full closure",12,"Jun-Dec",5,26
"240","stock",10,"No fishing males",12,"Jun-Dec",999,999
"241","stock",2,"No fishing males",12,"Jun-Jul",17,38
"242","stock",3,"No fishing males",12,"Jun-Jul",8,3
"243","stock",2,"Increase male size limit",12,"Jun-Jul",17,38
"244","stock",3,"No fishing females",12,"Jun-Jul",6,3
"245","stock",3,"Increase male size limit",12,"Jun-Jul",999,3
"246","stock",5,"Full closure",12,"Jun-Jul",7,4
"247","stock",2,"No fishing females",12,"Jun-Jul",8,38
"248","stock",5,"Increase male size limit",12,"Jun-Jul",17,4
"249","stock",7,"No fishing females",12,"Jun-Jul",20,31
"250","stock",4,"No fishing females",12,"Jun-Jul",6,17
"251","stock",6,"No fishing males",12,"Jun-Jul",6,14
"252","stock",6,"Full closure",12,"Jun-Jul",3,14
"253","stock",7,"No fishing males",12,"Jun-Jul",14,31
"254","stock",4,"No fishing males",12,"Jun-Jul",53,17
"255","stock",7,"Increase male size limit",12,"Jun-Jul",18,31
"256","stock",8,"Full closure",12,"Jun-Jul",43,57
"257","stock",3,"Full closure",12,"Jun-Jul",6,3
"258","stock",6,"No fishing females",12,"Jun-Jul",6,14
"259","stock",5,"No fishing males",12,"Jun-Jul",3,4
"260","stock",5,"No fishing females",12,"Jun-Jul",8,4
"261","stock",6,"Increase male size limit",12,"Jun-Jul",29,14
"262","stock",8,"No fishing males",12,"Jun-Jul",30,57
"263","stock",4,"Increase male size limit",12,"Jun-Jul",30,17
"264","stock",4,"Full closure",12,"Jun-Jul",31,17
"265","stock",8,"No fishing females",12,"Jun-Jul",37,57
"266","stock",7,"Full closure",12,"Jun-Jul",32,31
"267","stock",9,"No fishing males",12,"Jun-Jul",54,58
"268","stock",9,"Full closure",12,"Jun-Jul",51,58
"269","stock",9,"Increase male size limit",12,"Jun-Jul",54,58
"270","stock",10,"Increase male size limit",12,"Jun-Jul",66,999
"271","stock",10,"No fishing males",12,"Jun-Jul",73,999
"272","stock",2,"Full closure",12,"Jun-Jul",3,38
"273","stock",10,"Full closure",12,"Jun-Jul",79,999
"274","stock",10,"No fishing females",12,"Jun-Jul",65,999
"275","stock",9,"No fishing females",12,"Jun-Jul",74,58
"276","stock",1,"No fishing males",12,"Jun-Jul",3,3
"277","stock",1,"Increase male size limit",12,"Jun-Jul",30,3
"278","stock",1,"Full closure",12,"Jun-Jul",3,3
"279","stock",1,"No fishing females",12,"Jun-Jul",6,3
"280","stock",8,"Increase male size limit",12,"Jun-Jul",41,57
"281","stock",9,"No fishing males",12,"Jun-Nov",999,999
"282","stock",2,"No fishing males",12,"Jun-Nov",15,9
"283","stock",2,"Full closure",12,"Jun-Nov",15,9
"284","stock",2,"No fishing females",12,"Jun-Nov",9,9
"285","stock",2,"Increase male size limit",12,"Jun-Nov",17,9
"286","stock",4,"No fishing females",12,"Jun-Nov",6,31
"287","stock",4,"No fishing males",12,"Jun-Nov",10,31
"288","stock",3,"No fishing males",12,"Jun-Nov",5,16
"289","stock",5,"No fishing females",12,"Jun-Nov",3,23
"290","stock",4,"Full closure",12,"Jun-Nov",4,31
"291","stock",4,"Increase male size limit",12,"Jun-Nov",17,31
"292","stock",5,"Increase male size limit",12,"Jun-Nov",17,23
"293","stock",5,"No fishing males",12,"Jun-Nov",3,23
"294","stock",3,"Increase male size limit",12,"Jun-Nov",17,16
"295","stock",3,"Full closure",12,"Jun-Nov",11,16
"296","stock",3,"No fishing females",12,"Jun-Nov",3,16
"297","stock",5,"Full closure",12,"Jun-Nov",10,23
"298","stock",7,"No fishing females",12,"Jun-Nov",35,50
"299","stock",8,"No fishing males",12,"Jun-Nov",50,62
"300","stock",8,"Full closure",12,"Jun-Nov",61,62
"301","stock",8,"Increase male size limit",12,"Jun-Nov",49,62
"302","stock",7,"Increase male size limit",12,"Jun-Nov",17,50
"303","stock",7,"No fishing males",12,"Jun-Nov",16,50
"304","stock",9,"Increase male size limit",12,"Jun-Nov",999,999
"305","stock",9,"Full closure",12,"Jun-Nov",999,999
"306","stock",1,"Increase male size limit",12,"Jun-Nov",17,8
"307","stock",6,"Full closure",12,"Jun-Nov",5,33
"308","stock",6,"No fishing males",12,"Jun-Nov",10,33
"309","stock",6,"No fishing females",12,"Jun-Nov",5,33
"310","stock",8,"No fishing females",12,"Jun-Nov",83,62
"311","stock",1,"No fishing females",12,"Jun-Nov",5,8
"312","stock",6,"Increase male size limit",12,"Jun-Nov",25,33
"313","stock",7,"Full closure",12,"Jun-Nov",34,50
"314","stock",1,"No fishing males",12,"Jun-Nov",5,8
"315","stock",9,"No fishing females",12,"Jun-Nov",999,999
"316","stock",10,"Full closure",12,"Jun-Nov",999,999
"317","stock",10,"No fishing males",12,"Jun-Nov",999,999
"318","stock",1,"Full closure",12,"Jun-Nov",3,8
"319","stock",10,"Increase male size limit",12,"Jun-Nov",999,999
"320","stock",10,"No fishing females",12,"Jun-Nov",999,999
"321","stock",2,"No fishing males",12,"Jun-Oct",3,44
"322","stock",8,"No fishing males",12,"Jun-Oct",999,60
"323","stock",2,"No fishing females",12,"Jun-Oct",5,44
"324","stock",8,"Increase male size limit",12,"Jun-Oct",57,60
"325","stock",9,"No fishing males",12,"Jun-Oct",83,999
"326","stock",9,"Increase male size limit",12,"Jun-Oct",999,999
"327","stock",8,"No fishing females",12,"Jun-Oct",999,60
"328","stock",8,"Full closure",12,"Jun-Oct",71,60
"329","stock",9,"Full closure",12,"Jun-Oct",999,999
"330","stock",2,"Full closure",12,"Jun-Oct",13,44
"331","stock",9,"No fishing females",12,"Jun-Oct",999,999
"332","stock",7,"No fishing females",12,"Jun-Oct",38,999
"333","stock",6,"No fishing females",12,"Jun-Oct",3,9
"334","stock",6,"Increase male size limit",12,"Jun-Oct",17,9
"335","stock",7,"Full closure",12,"Jun-Oct",15,999
"336","stock",2,"Increase male size limit",12,"Jun-Oct",17,44
"337","stock",3,"Increase male size limit",12,"Jun-Oct",29,32
"338","stock",5,"No fishing females",12,"Jun-Oct",5,3
"339","stock",5,"Full closure",12,"Jun-Oct",5,3
"340","stock",5,"No fishing males",12,"Jun-Oct",3,3
"341","stock",6,"No fishing males",12,"Jun-Oct",39,9
"342","stock",3,"No fishing females",12,"Jun-Oct",5,32
"343","stock",3,"Full closure",12,"Jun-Oct",5,32
"344","stock",4,"Full closure",12,"Jun-Oct",10,52
"345","stock",4,"Increase male size limit",12,"Jun-Oct",17,52
"346","stock",4,"No fishing females",12,"Jun-Oct",5,52
"347","stock",4,"No fishing males",12,"Jun-Oct",11,52
"348","stock",6,"Full closure",12,"Jun-Oct",3,9
"349","stock",7,"No fishing males",12,"Jun-Oct",25,999
"350","stock",7,"Increase male size limit",12,"Jun-Oct",26,999
"351","stock",10,"Full closure",12,"Jun-Oct",999,999
"352","stock",10,"No fishing females",12,"Jun-Oct",999,999
"353","stock",10,"Increase male size limit",12,"Jun-Oct",999,999
"354","stock",10,"No fishing males",12,"Jun-Oct",999,999
"355","stock",5,"Increase male size limit",12,"Jun-Oct",17,3
"356","stock",3,"No fishing males",12,"Jun-Oct",3,32
"357","stock",1,"No fishing females",12,"Jun-Oct",3,29
"358","stock",1,"No fishing males",12,"Jun-Oct",3,29
"359","stock",1,"Increase male size limit",12,"Jun-Oct",28,29
"360","stock",1,"Full closure",12,"Jun-Oct",13,29
"361","stock",8,"No fishing males",12,"Jun-Sep",75,999
"362","stock",8,"Full closure",12,"Jun-Sep",51,999
"363","stock",7,"No fishing males",12,"Jun-Sep",17,64
"364","stock",9,"Increase male size limit",12,"Jun-Sep",999,999
"365","stock",9,"No fishing females",12,"Jun-Sep",999,999
"366","stock",9,"Full closure",12,"Jun-Sep",999,999
"367","stock",7,"No fishing females",12,"Jun-Sep",17,64
"368","stock",7,"Increase male size limit",12,"Jun-Sep",50,64
"369","stock",7,"Full closure",12,"Jun-Sep",26,64
"370","stock",8,"Increase male size limit",12,"Jun-Sep",63,999
"371","stock",4,"Increase male size limit",12,"Jun-Sep",18,5
"372","stock",5,"Full closure",12,"Jun-Sep",8,12
"373","stock",5,"No fishing females",12,"Jun-Sep",3,12
"374","stock",5,"Increase male size limit",12,"Jun-Sep",17,12
"375","stock",3,"Full closure",12,"Jun-Sep",3,4
"376","stock",3,"Increase male size limit",12,"Jun-Sep",17,4
"377","stock",3,"No fishing females",12,"Jun-Sep",13,4
"378","stock",6,"No fishing males",12,"Jun-Sep",16,14
"379","stock",8,"No fishing females",12,"Jun-Sep",53,999
"380","stock",2,"No fishing females",12,"Jun-Sep",7,12
"381","stock",2,"Increase male size limit",12,"Jun-Sep",17,12
"382","stock",4,"Full closure",12,"Jun-Sep",5,5
"383","stock",6,"No fishing females",12,"Jun-Sep",5,14
"384","stock",9,"No fishing males",12,"Jun-Sep",999,999
"385","stock",1,"No fishing females",12,"Jun-Sep",3,4
"386","stock",6,"Increase male size limit",12,"Jun-Sep",17,14
"387","stock",6,"Full closure",12,"Jun-Sep",6,14
"388","stock",10,"Full closure",12,"Jun-Sep",999,999
"389","stock",10,"No fishing females",12,"Jun-Sep",999,999
"390","stock",10,"No fishing males",12,"Jun-Sep",999,999
"391","stock",10,"Increase male size limit",12,"Jun-Sep",999,999
"392","stock",4,"No fishing males",12,"Jun-Sep",5,5
"393","stock",5,"No fishing males",12,"Jun-Sep",5,12
"394","stock",4,"No fishing females",12,"Jun-Sep",3,5
"395","stock",1,"Full closure",12,"Jun-Sep",3,4
"396","stock",1,"Increase male size limit",12,"Jun-Sep",23,4
"397","stock",2,"Full closure",12,"Jun-Sep",3,12
"398","stock",2,"No fishing males",12,"Jun-Sep",16,12
"399","stock",1,"No fishing males",12,"Jun-Sep",13,4
"400","stock",3,"No fishing males",12,"Jun-Sep",17,4
"401","stock",7,"No fishing males",12,"June",9,39
"402","stock",8,"No fishing males",12,"June",7,999
"403","stock",8,"Full closure",12,"June",8,999
"404","stock",9,"No fishing females",12,"June",26,999
"405","stock",4,"No fishing females",12,"June",3,31
"406","stock",7,"Increase male size limit",12,"June",31,39
"407","stock",8,"No fishing females",12,"June",5,999
"408","stock",2,"No fishing males",12,"June",10,999
"409","stock",5,"Full closure",12,"June",7,13
"410","stock",5,"Increase male size limit",12,"June",17,13
"411","stock",5,"No fishing females",12,"June",5,13
"412","stock",6,"Full closure",12,"June",5,25
"413","stock",9,"No fishing males",12,"June",28,999
"414","stock",8,"Increase male size limit",12,"June",21,999
"415","stock",9,"Full closure",12,"June",13,999
"416","stock",9,"Increase male size limit",12,"June",28,999
"417","stock",3,"No fishing males",12,"June",5,26
"418","stock",4,"Full closure",12,"June",7,31
"419","stock",6,"No fishing males",12,"June",6,25
"420","stock",6,"Increase male size limit",12,"June",17,25
"421","stock",3,"No fishing females",12,"June",13,26
"422","stock",3,"Full closure",12,"June",9,26
"423","stock",4,"Increase male size limit",12,"June",27,31
"424","stock",6,"No fishing females",12,"June",7,25
"425","stock",7,"No fishing females",12,"June",3,39
"426","stock",2,"Full closure",12,"June",10,999
"427","stock",7,"Full closure",12,"June",6,39
"428","stock",2,"Increase male size limit",12,"June",56,999
"429","stock",2,"No fishing females",12,"June",5,999
"430","stock",3,"Increase male size limit",12,"June",19,26
"431","stock",4,"No fishing males",12,"June",79,31
"432","stock",5,"No fishing males",12,"June",9,13
"433","stock",1,"No fishing females",12,"June",3,3
"434","stock",1,"No fishing males",12,"June",6,3
"435","stock",10,"No fishing males",12,"June",57,40
"436","stock",10,"Increase male size limit",12,"June",26,40
"437","stock",10,"No fishing females",12,"June",31,40
"438","stock",1,"Increase male size limit",12,"June",17,3
"439","stock",1,"Full closure",12,"June",12,3
"440","stock",10,"Full closure",12,"June",15,40
"441","stock",2,"No fishing females",12,"Mar-Aug",7,13
"442","stock",2,"Full closure",12,"Mar-Aug",9,13
"443","stock",4,"Full closure",12,"Mar-Aug",8,15
"444","stock",7,"No fishing females",12,"Mar-Aug",36,79
"445","stock",7,"Increase male size limit",12,"Mar-Aug",28,79
"446","stock",2,"Increase male size limit",12,"Mar-Aug",30,13
"447","stock",6,"No fishing males",12,"Mar-Aug",12,999
"448","stock",8,"No fishing females",12,"Mar-Aug",999,999
"449","stock",4,"No fishing females",12,"Mar-Aug",9,15
"450","stock",8,"Increase male size limit",12,"Mar-Aug",72,999
"451","stock",8,"Full closure",12,"Mar-Aug",60,999
"452","stock",2,"No fishing males",12,"Mar-Aug",17,13
"453","stock",9,"Full closure",12,"Mar-Aug",999,999
"454","stock",7,"No fishing males",12,"Mar-Aug",30,79
"455","stock",8,"No fishing males",12,"Mar-Aug",76,999
"456","stock",3,"No fishing males",12,"Mar-Aug",16,41
"457","stock",3,"Full closure",12,"Mar-Aug",5,41
"458","stock",5,"No fishing females",12,"Mar-Aug",28,31
"459","stock",6,"Increase male size limit",12,"Mar-Aug",26,999
"460","stock",5,"Full closure",12,"Mar-Aug",16,31
"461","stock",9,"No fishing females",12,"Mar-Aug",999,999
"462","stock",9,"Increase male size limit",12,"Mar-Aug",999,999
"463","stock",7,"Full closure",12,"Mar-Aug",66,79
"464","stock",3,"Increase male size limit",12,"Mar-Aug",36,41
"465","stock",4,"Increase male size limit",12,"Mar-Aug",36,15
"466","stock",3,"No fishing females",12,"Mar-Aug",3,41
"467","stock",6,"Full closure",12,"Mar-Aug",15,999
"468","stock",6,"No fishing females",12,"Mar-Aug",26,999
"469","stock",9,"No fishing males",12,"Mar-Aug",999,999
"470","stock",5,"Increase male size limit",12,"Mar-Aug",17,31
"471","stock",5,"No fishing males",12,"Mar-Aug",18,31
"472","stock",4,"No fishing males",12,"Mar-Aug",52,15
"473","stock",10,"No fishing females",12,"Mar-Aug",999,999
"474","stock",10,"No fishing males",12,"Mar-Aug",78,999
"475","stock",10,"Full closure",12,"Mar-Aug",999,999
"476","stock",10,"Increase male size limit",12,"Mar-Aug",999,999
"477","stock",1,"No fishing females",12,"Mar-Aug",3,44
"478","stock",1,"Increase male size limit",12,"Mar-Aug",43,44
"479","stock",1,"No fishing males",12,"Mar-Aug",16,44
"480","stock",1,"Full closure",12,"Mar-Aug",3,44
"481","stock",2,"Full closure",12,"May-Aug",6,7
"482","stock",9,"Full closure",12,"May-Aug",999,999
"483","stock",2,"No fishing females",12,"May-Aug",5,7
"484","stock",9,"Increase male size limit",12,"May-Aug",999,999
"485","stock",9,"No fishing females",12,"May-Aug",999,999
"486","stock",3,"Increase male size limit",12,"May-Aug",17,4
"487","stock",2,"No fishing males",12,"May-Aug",6,7
"488","stock",3,"Full closure",12,"May-Aug",5,4
"489","stock",4,"No fishing females",12,"May-Aug",3,3
"490","stock",5,"No fishing females",12,"May-Aug",5,14
"491","stock",5,"Full closure",12,"May-Aug",13,14
"492","stock",3,"No fishing females",12,"May-Aug",3,4
"493","stock",2,"Increase male size limit",12,"May-Aug",18,7
"494","stock",6,"Full closure",12,"May-Aug",18,5
"495","stock",3,"No fishing males",12,"May-Aug",37,4
"496","stock",6,"No fishing males",12,"May-Aug",3,5
"497","stock",4,"No fishing males",12,"May-Aug",3,3
"498","stock",8,"No fishing females",12,"May-Aug",49,70
"499","stock",4,"Full closure",12,"May-Aug",5,3
"500","stock",4,"Increase male size limit",12,"May-Aug",17,3
"501","stock",6,"No fishing females",12,"May-Aug",28,5
"502","stock",6,"Increase male size limit",12,"May-Aug",28,5
"503","stock",8,"No fishing males",12,"May-Aug",64,70
"504","stock",7,"Increase male size limit",12,"May-Aug",29,27
"505","stock",5,"No fishing males",12,"May-Aug",5,14
"506","stock",7,"No fishing males",12,"May-Aug",26,27
"507","stock",7,"Full closure",12,"May-Aug",27,27
"508","stock",5,"Increase male size limit",12,"May-Aug",19,14
"509","stock",8,"Increase male size limit",12,"May-Aug",63,70
"510","stock",8,"Full closure",12,"May-Aug",60,70
"511","stock",7,"No fishing females",12,"May-Aug",16,27
"512","stock",9,"No fishing males",12,"May-Aug",999,999
"513","stock",10,"No fishing females",12,"May-Aug",999,999
"514","stock",10,"Increase male size limit",12,"May-Aug",999,999
"515","stock",10,"No fishing males",12,"May-Aug",76,999
"516","stock",10,"Full closure",12,"May-Aug",88,999
"517","stock",1,"No fishing females",12,"May-Aug",6,29
"518","stock",1,"Increase male size limit",12,"May-Aug",17,29
"519","stock",1,"No fishing males",12,"May-Aug",4,29
"520","stock",1,"Full closure",12,"May-Aug",53,29
"521","stock",2,"No fishing females",12,"Mar-May",5,6
"522","stock",10,"Full closure",12,"Mar-May",3,49
"523","stock",7,"No fishing males",12,"Mar-May",30,77
"524","stock",10,"Increase male size limit",12,"Mar-May",34,49
"525","stock",2,"No fishing males",12,"Mar-May",17,6
"526","stock",4,"No fishing females",12,"Mar-May",74,3
"527","stock",4,"Increase male size limit",12,"Mar-May",17,3
"528","stock",2,"Full closure",12,"Mar-May",7,6
"529","stock",2,"Increase male size limit",12,"Mar-May",17,6
"530","stock",7,"Increase male size limit",12,"Mar-May",34,77
"531","stock",3,"No fishing females",12,"Mar-May",21,34
"532","stock",3,"Increase male size limit",12,"Mar-May",34,34
"533","stock",4,"No fishing males",12,"Mar-May",15,3
"534","stock",4,"Full closure",12,"Mar-May",9,3
"535","stock",10,"No fishing females",12,"Mar-May",16,49
"536","stock",10,"No fishing males",12,"Mar-May",8,49
"537","stock",9,"No fishing females",12,"Mar-May",54,19
"538","stock",3,"No fishing males",12,"Mar-May",32,34
"539","stock",3,"Full closure",12,"Mar-May",9,34
"540","stock",5,"Increase male size limit",12,"Mar-May",43,47
"541","stock",8,"Increase male size limit",12,"Mar-May",17,61
"542","stock",5,"No fishing males",12,"Mar-May",17,47
"543","stock",5,"Full closure",12,"Mar-May",55,47
"544","stock",5,"No fishing females",12,"Mar-May",27,47
"545","stock",6,"Increase male size limit",12,"Mar-May",32,999
"546","stock",9,"No fishing males",12,"Mar-May",17,19
"547","stock",6,"Full closure",12,"Mar-May",9,999
"548","stock",9,"Increase male size limit",12,"Mar-May",17,19
"549","stock",9,"Full closure",12,"Mar-May",10,19
"550","stock",10,"No fishing females",12,"Mar-May",9,49
"551","stock",8,"Full closure",12,"Mar-May",12,61
"552","stock",8,"No fishing females",12,"Mar-May",16,61
"553","stock",1,"No fishing females",12,"Mar-May",3,41
"554","stock",7,"No fishing females",12,"Mar-May",11,77
"555","stock",6,"No fishing females",12,"Mar-May",17,999
"556","stock",6,"No fishing males",12,"Mar-May",9,999
"557","stock",1,"Full closure",12,"Mar-May",7,41
"558","stock",1,"No fishing males",12,"Mar-May",53,41
"559","stock",7,"Full closure",12,"Mar-May",6,77
"560","stock",8,"No fishing males",12,"Mar-May",31,61
"561","stock",9,"No fishing females",12,"Mar-May",5,19
"562","stock",1,"Increase male size limit",12,"Mar-May",26,41
"563","stock",10,"Increase male size limit",12,"Jun-Aug",999,999
"564","stock",2,"Full closure",12,"Jun-Aug",5,13
"565","stock",10,"No fishing females",12,"Jun-Aug",999,999
"566","stock",10,"Full closure",12,"Jun-Aug",999,999
"567","stock",2,"No fishing females",12,"Jun-Aug",3,13
"568","stock",3,"No fishing females",12,"Jun-Aug",3,17
"569","stock",2,"No fishing females",12,"Jun-Aug",6,13
"570","stock",10,"No fishing males",12,"Jun-Aug",76,999
"571","stock",3,"No fishing females",12,"Jun-Aug",3,17
"572","stock",2,"No fishing males",12,"Jun-Aug",13,13
"573","stock",2,"Increase male size limit",12,"Jun-Aug",17,13
"574","stock",3,"Full closure",12,"Jun-Aug",3,17
"575","stock",4,"Increase male size limit",12,"Jun-Aug",18,26
"576","stock",4,"No fishing females",12,"Jun-Aug",5,26
"577","stock",4,"Full closure",12,"Jun-Aug",5,26
"578","stock",5,"Increase male size limit",12,"Jun-Aug",17,61
"579","stock",5,"No fishing males",12,"Jun-Aug",17,61
"580","stock",5,"No fishing females",12,"Jun-Aug",6,61
"581","stock",5,"No fishing females",12,"Jun-Aug",3,61
"582","stock",8,"Full closure",12,"Jun-Aug",999,999
"583","stock",8,"No fishing males",12,"Jun-Aug",73,999
"584","stock",8,"Increase male size limit",12,"Jun-Aug",63,999
"585","stock",8,"No fishing females",12,"Jun-Aug",83,999
"586","stock",8,"No fishing females",12,"Jun-Aug",65,999
"587","stock",1,"Increase male size limit",12,"Jun-Aug",17,25
"588","stock",1,"No fishing males",12,"Jun-Aug",5,25
"589","stock",1,"No fishing females",12,"Jun-Aug",3,25
"590","stock",1,"Full closure",12,"Jun-Aug",5,25
"591","stock",3,"No fishing males",12,"Jun-Aug",5,17
"592","stock",3,"Increase male size limit",12,"Jun-Aug",17,17
"593","stock",6,"No fishing females",12,"Jun-Aug",6,34
"594","stock",6,"Increase male size limit",12,"Jun-Aug",17,34
"595","stock",4,"No fishing males",12,"Jun-Aug",14,26
"596","stock",4,"No fishing females",12,"Jun-Aug",5,26
"597","stock",7,"Increase male size limit",12,"Jun-Aug",28,34
"598","stock",5,"Full closure",12,"Jun-Aug",5,61
"599","stock",6,"No fishing males",12,"Jun-Aug",3,34
"600","stock",6,"Full closure",12,"Jun-Aug",5,34
"601","stock",9,"Full closure",12,"Jun-Aug",999,999
"602","stock",6,"No fishing females",12,"Jun-Aug",5,34
"603","stock",1,"No fishing females",12,"Jun-Aug",38,25
"604","stock",7,"No fishing females",12,"Jun-Aug",40,34
"605","stock",9,"No fishing males",12,"Jun-Aug",999,999
"606","stock",7,"No fishing females",12,"Jun-Aug",28,34
"607","stock",7,"Full closure",12,"Jun-Aug",39,34
"608","stock",7,"No fishing males",12,"Jun-Aug",27,34
"609","stock",9,"No fishing females",12,"Jun-Aug",78,999
"610","stock",9,"Increase male size limit",12,"Jun-Aug",76,999
"611","stock",10,"Increase male size limit",12,"Dec-Feb",46,32
"612","stock",10,"No fishing males",12,"Dec-Feb",24,32
"613","stock",2,"No fishing females",12,"Dec-Feb",19,6
"614","stock",10,"No fishing females",12,"Dec-Feb",5,32
"615","stock",10,"No fishing females",12,"Dec-Feb",26,32
"616","stock",7,"Full closure",12,"Dec-Feb",37,93
"617","stock",1,"No fishing females",12,"Dec-Feb",5,25
"618","stock",9,"Increase male size limit",12,"Dec-Feb",20,63
"619","stock",9,"Full closure",12,"Dec-Feb",21,63
"620","stock",10,"Full closure",12,"Dec-Feb",15,32
"621","stock",2,"No fishing males",12,"Dec-Feb",5,6
"622","stock",2,"Increase male size limit",12,"Dec-Feb",17,6
"623","stock",4,"Increase male size limit",12,"Dec-Feb",17,999
"624","stock",2,"No fishing females",12,"Dec-Feb",10,6
"625","stock",2,"Full closure",12,"Dec-Feb",11,6
"626","stock",3,"Increase male size limit",12,"Dec-Feb",17,35
"627","stock",5,"No fishing males",12,"Dec-Feb",10,39
"628","stock",5,"Full closure",12,"Dec-Feb",3,39
"629","stock",6,"No fishing males",12,"Dec-Feb",33,25
"630","stock",3,"No fishing females",12,"Dec-Feb",9,35
"631","stock",3,"No fishing females",12,"Dec-Feb",11,35
"632","stock",3,"Full closure",12,"Dec-Feb",7,35
"633","stock",4,"No fishing females",12,"Dec-Feb",11,999
"634","stock",3,"No fishing males",12,"Dec-Feb",11,35
"635","stock",6,"Full closure",12,"Dec-Feb",11,25
"636","stock",6,"Increase male size limit",12,"Dec-Feb",17,25
"637","stock",5,"No fishing females",12,"Dec-Feb",6,39
"638","stock",5,"Increase male size limit",12,"Dec-Feb",5,39
"639","stock",4,"No fishing males",12,"Dec-Feb",11,999
"640","stock",4,"No fishing females",12,"Dec-Feb",3,999
"641","stock",4,"Full closure",12,"Dec-Feb",7,999
"642","stock",6,"No fishing females",12,"Dec-Feb",16,25
"643","stock",6,"No fishing females",12,"Dec-Feb",19,25
"644","stock",7,"No fishing females",12,"Dec-Feb",31,93
"645","stock",5,"No fishing females",12,"Dec-Feb",10,39
"646","stock",8,"No fishing females",12,"Dec-Feb",71,35
"647","stock",8,"Increase male size limit",12,"Dec-Feb",31,35
"648","stock",8,"No fishing females",12,"Dec-Feb",32,35
"649","stock",8,"No fishing males",12,"Dec-Feb",35,35
"650","stock",9,"No fishing males",12,"Dec-Feb",43,63
"651","stock",7,"No fishing males",12,"Dec-Feb",31,93
"652","stock",1,"No fishing males",12,"Dec-Feb",13,25
"653","stock",1,"Full closure",12,"Dec-Feb",3,25
"654","stock",7,"No fishing females",12,"Dec-Feb",19,93
"655","stock",8,"Full closure",12,"Dec-Feb",16,35
"656","stock",7,"Increase male size limit",12,"Dec-Feb",19,93
"657","stock",1,"Increase male size limit",12,"Dec-Feb",17,25
"658","stock",9,"No fishing females",12,"Dec-Feb",5,63
"659","stock",1,"No fishing females",12,"Dec-Feb",5,25
"660","stock",9,"No fishing females",12,"Dec-Feb",37,63
"661","NPV",10,"Increase male size limit",12,"Apr-Aug",999,999
"662","NPV",10,"No fishing males",12,"Apr-Aug",999,999
"663","NPV",10,"Full closure",12,"Apr-Aug",999,999
"664","NPV",4,"No fishing males",12,"Apr-Aug",7,33
"665","NPV",4,"Full closure",12,"Apr-Aug",39,33
"666","NPV",7,"Increase male size limit",12,"Apr-Aug",13,34
"667","NPV",7,"No fishing males",12,"Apr-Aug",19,34
"668","NPV",2,"No fishing females",12,"Apr-Aug",12,13
"669","NPV",2,"Increase male size limit",12,"Apr-Aug",3,13
"670","NPV",2,"No fishing males",12,"Apr-Aug",24,13
"671","NPV",2,"Full closure",12,"Apr-Aug",20,13
"672","NPV",5,"Increase male size limit",12,"Apr-Aug",7,27
"673","NPV",3,"Full closure",12,"Apr-Aug",21,3
"674","NPV",3,"No fishing females",12,"Apr-Aug",3,3
"675","NPV",3,"No fishing males",12,"Apr-Aug",7,3
"676","NPV",3,"Increase male size limit",12,"Apr-Aug",7,3
"677","NPV",6,"No fishing females",12,"Apr-Aug",12,8
"678","NPV",4,"Increase male size limit",12,"Apr-Aug",3,33
"679","NPV",4,"No fishing females",12,"Apr-Aug",3,33
"680","NPV",7,"Full closure",12,"Apr-Aug",24,34
"681","NPV",7,"No fishing females",12,"Apr-Aug",3,34
"682","NPV",5,"Full closure",12,"Apr-Aug",18,27
"683","NPV",5,"No fishing females",12,"Apr-Aug",3,27
"684","NPV",5,"No fishing males",12,"Apr-Aug",7,27
"685","NPV",8,"No fishing males",12,"Apr-Aug",25,61
"686","NPV",8,"Full closure",12,"Apr-Aug",43,61
"687","NPV",9,"No fishing males",12,"Apr-Aug",61,999
"688","NPV",6,"Increase male size limit",12,"Apr-Aug",3,8
"689","NPV",6,"Full closure",12,"Apr-Aug",17,8
"690","NPV",6,"No fishing males",12,"Apr-Aug",7,8
"691","NPV",9,"Full closure",12,"Apr-Aug",63,999
"692","NPV",9,"No fishing females",12,"Apr-Aug",83,999
"693","NPV",10,"No fishing females",12,"Apr-Aug",86,999
"694","NPV",8,"Increase male size limit",12,"Apr-Aug",61,61
"695","NPV",9,"Increase male size limit",12,"Apr-Aug",999,999
"696","NPV",1,"Full closure",12,"Apr-Aug",17,4
"697","NPV",1,"No fishing females",12,"Apr-Aug",12,4
"698","NPV",1,"Increase male size limit",12,"Apr-Aug",3,4
"699","NPV",8,"No fishing females",12,"Apr-Aug",49,61
"700","NPV",1,"No fishing males",12,"Apr-Aug",7,4
"701","NPV",2,"Full closure",12,"Sep-Nov",22,8
"702","NPV",10,"Increase male size limit",12,"Sep-Nov",34,33
"703","NPV",3,"Increase male size limit",12,"Sep-Nov",10,5
"704","NPV",4,"Full closure",12,"Sep-Nov",17,57
"705","NPV",9,"Increase male size limit",12,"Sep-Nov",12,12
"706","NPV",2,"No fishing males",12,"Sep-Nov",21,8
"707","NPV",4,"Increase male size limit",12,"Sep-Nov",9,57
"708","NPV",4,"No fishing males",12,"Sep-Nov",22,57
"709","NPV",3,"Full closure",12,"Sep-Nov",17,5
"710","NPV",10,"Full closure",12,"Sep-Nov",24,33
"711","NPV",10,"No fishing females",12,"Sep-Nov",24,33
"712","NPV",3,"No fishing females",12,"Sep-Nov",9,5
"713","NPV",9,"No fishing males",12,"Sep-Nov",24,12
"714","NPV",9,"No fishing females",12,"Sep-Nov",9,12
"715","NPV",4,"No fishing females",12,"Sep-Nov",9,57
"716","NPV",2,"No fishing females",12,"Sep-Nov",9,8
"717","NPV",5,"No fishing females",12,"Sep-Nov",9,8
"718","NPV",5,"Full closure",12,"Sep-Nov",19,8
"719","NPV",6,"Increase male size limit",12,"Sep-Nov",5,3
"720","NPV",2,"Increase male size limit",12,"Sep-Nov",3,8
"721","NPV",9,"Full closure",12,"Sep-Nov",24,12
"722","NPV",3,"No fishing males",12,"Sep-Nov",21,5
"723","NPV",6,"No fishing males",12,"Sep-Nov",5,3
"724","NPV",8,"No fishing males",12,"Sep-Nov",19,3
"725","NPV",7,"Full closure",12,"Sep-Nov",24,10
"726","NPV",6,"No fishing females",12,"Sep-Nov",9,3
"727","NPV",6,"Full closure",12,"Sep-Nov",24,3
"728","NPV",8,"Increase male size limit",12,"Sep-Nov",5,3
"729","NPV",8,"No fishing females",12,"Sep-Nov",9,3
"730","NPV",5,"No fishing males",12,"Sep-Nov",5,8
"731","NPV",5,"Increase male size limit",12,"Sep-Nov",3,8
"732","NPV",7,"No fishing males",12,"Sep-Nov",5,10
"733","NPV",7,"No fishing females",12,"Sep-Nov",9,10
"734","NPV",7,"Increase male size limit",12,"Sep-Nov",5,10
"735","NPV",8,"Full closure",12,"Sep-Nov",21,3
"736","NPV",1,"No fishing females",12,"Sep-Nov",9,8
"737","NPV",1,"No fishing males",12,"Sep-Nov",21,8
"738","NPV",1,"Full closure",12,"Sep-Nov",17,8
"739","NPV",10,"No fishing males",12,"Sep-Nov",36,33
"740","NPV",1,"Increase male size limit",12,"Sep-Nov",3,8
"741","NPV",2,"No fishing females",12,"Feb-Aug",12,4
"742","NPV",2,"No fishing males",12,"Feb-Aug",23,4
"743","NPV",3,"Increase male size limit",12,"Feb-Aug",8,8
"744","NPV",9,"No fishing females",12,"Feb-Aug",999,999
"745","NPV",9,"Full closure",12,"Feb-Aug",999,999
"746","NPV",10,"Full closure",12,"Feb-Aug",999,999
"747","NPV",4,"No fishing males",12,"Feb-Aug",25,16
"748","NPV",10,"No fishing females",12,"Feb-Aug",999,999
"749","NPV",10,"Increase male size limit",12,"Feb-Aug",999,999
"750","NPV",3,"No fishing males",12,"Feb-Aug",31,8
"751","NPV",8,"No fishing males",12,"Feb-Aug",72,999
"752","NPV",9,"No fishing males",12,"Feb-Aug",999,999
"753","NPV",2,"Increase male size limit",12,"Feb-Aug",3,4
"754","NPV",4,"Increase male size limit",12,"Feb-Aug",34,16
"755","NPV",3,"Full closure",12,"Feb-Aug",17,8
"756","NPV",4,"Full closure",12,"Feb-Aug",23,16
"757","NPV",8,"No fishing females",12,"Feb-Aug",78,999
"758","NPV",9,"Increase male size limit",12,"Feb-Aug",999,999
"759","NPV",2,"Full closure",12,"Feb-Aug",24,4
"760","NPV",6,"Full closure",12,"Feb-Aug",17,59
"761","NPV",6,"Increase male size limit",12,"Feb-Aug",14,59
"762","NPV",4,"No fishing females",12,"Feb-Aug",12,16
"763","NPV",7,"No fishing females",12,"Feb-Aug",31,30
"764","NPV",7,"Increase male size limit",12,"Feb-Aug",3,30
"765","NPV",7,"No fishing males",12,"Feb-Aug",24,30
"766","NPV",8,"Full closure",12,"Feb-Aug",62,999
"767","NPV",5,"No fishing males",12,"Feb-Aug",26,5
"768","NPV",5,"Increase male size limit",12,"Feb-Aug",7,5
"769","NPV",5,"Full closure",12,"Feb-Aug",17,5
"770","NPV",7,"Full closure",12,"Feb-Aug",37,30
"771","NPV",3,"No fishing females",12,"Feb-Aug",3,8
"772","NPV",8,"Increase male size limit",12,"Feb-Aug",75,999
"773","NPV",6,"No fishing females",12,"Feb-Aug",12,59
"774","NPV",6,"No fishing males",12,"Feb-Aug",7,59
"775","NPV",10,"No fishing males",12,"Feb-Aug",63,999
"776","NPV",1,"Increase male size limit",12,"Feb-Aug",7,4
"777","NPV",1,"No fishing females",12,"Feb-Aug",3,4
"778","NPV",1,"No fishing males",12,"Feb-Aug",20,4
"779","NPV",5,"No fishing females",12,"Feb-Aug",12,5
"780","NPV",1,"Full closure",12,"Feb-Aug",24,4
"781","NPV",2,"Increase male size limit",12,"Jan-Aug",3,11
"782","NPV",10,"Increase male size limit",12,"Jan-Aug",999,999
"783","NPV",4,"Full closure",12,"Jan-Aug",26,6
"784","NPV",9,"No fishing females",12,"Jan-Aug",999,999
"785","NPV",10,"Full closure",12,"Jan-Aug",999,999
"786","NPV",2,"No fishing females",12,"Jan-Aug",3,11
"787","NPV",9,"No fishing males",12,"Jan-Aug",87,999
"788","NPV",10,"No fishing males",12,"Jan-Aug",999,999
"789","NPV",4,"No fishing females",12,"Jan-Aug",3,6
"790","NPV",4,"Increase male size limit",12,"Jan-Aug",7,6
"791","NPV",3,"Increase male size limit",12,"Jan-Aug",3,5
"792","NPV",8,"No fishing males",12,"Jan-Aug",61,999
"793","NPV",3,"No fishing males",12,"Jan-Aug",7,5
"794","NPV",3,"No fishing females",12,"Jan-Aug",12,5
"795","NPV",4,"No fishing males",12,"Jan-Aug",18,6
"796","NPV",3,"Full closure",12,"Jan-Aug",31,5
"797","NPV",7,"No fishing females",12,"Jan-Aug",37,55
"798","NPV",8,"Full closure",12,"Jan-Aug",73,999
"799","NPV",2,"Full closure",12,"Jan-Aug",40,11
"800","NPV",2,"No fishing males",12,"Jan-Aug",17,11
"801","NPV",5,"Increase male size limit",12,"Jan-Aug",3,15
"802","NPV",6,"Full closure",12,"Jan-Aug",37,51
"803","NPV",9,"Full closure",12,"Jan-Aug",85,999
"804","NPV",8,"No fishing females",12,"Jan-Aug",61,999
"805","NPV",10,"No fishing females",12,"Jan-Aug",999,999
"806","NPV",6,"No fishing males",12,"Jan-Aug",25,51
"807","NPV",6,"Increase male size limit",12,"Jan-Aug",14,51
"808","NPV",6,"No fishing females",12,"Jan-Aug",3,51
"809","NPV",7,"Increase male size limit",12,"Jan-Aug",38,55
"810","NPV",7,"No fishing males",12,"Jan-Aug",27,55
"811","NPV",9,"Increase male size limit",12,"Jan-Aug",999,999
"812","NPV",5,"Full closure",12,"Jan-Aug",23,15
"813","NPV",5,"No fishing males",12,"Jan-Aug",30,15
"814","NPV",5,"No fishing females",12,"Jan-Aug",3,15
"815","NPV",8,"Increase male size limit",12,"Jan-Aug",61,999
"816","NPV",1,"No fishing females",12,"Jan-Aug",12,42
"817","NPV",7,"Full closure",12,"Jan-Aug",17,55
"818","NPV",1,"No fishing males",12,"Jan-Aug",17,42
"819","NPV",1,"Increase male size limit",12,"Jan-Aug",3,42
"820","NPV",1,"Full closure",12,"Jan-Aug",29,42
"821","NPV",3,"Full closure",12,"July",22,4
"822","NPV",3,"No fishing males",12,"July",17,4
"823","NPV",3,"No fishing females",12,"July",3,4
"824","NPV",10,"No fishing males",12,"July",22,46
"825","NPV",10,"Full closure",12,"July",44,46
"826","NPV",5,"No fishing females",12,"July",5,8
"827","NPV",10,"Increase male size limit",12,"July",53,46
"828","NPV",9,"No fishing females",12,"July",51,999
"829","NPV",10,"No fishing females",12,"July",39,46
"830","NPV",4,"Increase male size limit",12,"July",3,9
"831","NPV",6,"Full closure",12,"July",20,38
"832","NPV",6,"No fishing males",12,"July",9,38
"833","NPV",2,"Increase male size limit",12,"July",5,13
"834","NPV",2,"No fishing males",12,"July",10,13
"835","NPV",7,"No fishing females",12,"July",4,22
"836","NPV",9,"Increase male size limit",12,"July",50,999
"837","NPV",2,"Full closure",12,"July",17,13
"838","NPV",7,"Increase male size limit",12,"July",3,22
"839","NPV",8,"Increase male size limit",12,"July",39,25
"840","NPV",8,"Full closure",12,"July",33,25
"841","NPV",8,"No fishing males",12,"July",29,25
"842","NPV",9,"Full closure",12,"July",51,999
"843","NPV",2,"No fishing females",12,"July",3,13
"844","NPV",4,"No fishing males",12,"July",9,9
"845","NPV",1,"Full closure",12,"July",58,6
"846","NPV",9,"No fishing males",12,"July",29,999
"847","NPV",1,"No fishing males",12,"July",9,6
"848","NPV",3,"Increase male size limit",12,"July",3,4
"849","NPV",4,"No fishing females",12,"July",4,9
"850","NPV",5,"Full closure",12,"July",20,8
"851","NPV",7,"Full closure",12,"July",21,22
"852","NPV",6,"No fishing females",12,"July",4,38
"853","NPV",5,"No fishing males",12,"July",9,8
"854","NPV",7,"No fishing males",12,"July",17,22
"855","NPV",4,"Full closure",12,"July",17,9
"856","NPV",5,"Increase male size limit",12,"July",4,8
"857","NPV",8,"No fishing females",12,"July",14,25
"858","NPV",6,"Increase male size limit",12,"July",3,38
"859","NPV",1,"No fishing females",12,"July",5,6
"860","NPV",1,"Increase male size limit",12,"July",3,6
"861","NPV",10,"Increase male size limit",12,"Jun-Dec",999,999
"862","NPV",9,"Increase male size limit",12,"Jun-Dec",999,999
"863","NPV",1,"Increase male size limit",12,"Jun-Dec",3,28
"864","NPV",1,"No fishing females",12,"Jun-Dec",9,28
"865","NPV",3,"Increase male size limit",12,"Jun-Dec",7,6
"866","NPV",10,"Full closure",12,"Jun-Dec",999,999
"867","NPV",10,"No fishing females",12,"Jun-Dec",999,999
"868","NPV",10,"No fishing males",12,"Jun-Dec",999,999
"869","NPV",2,"Increase male size limit",12,"Jun-Dec",3,13
"870","NPV",3,"No fishing males",12,"Jun-Dec",17,6
"871","NPV",8,"Full closure",12,"Jun-Dec",46,999
"872","NPV",4,"No fishing males",12,"Jun-Dec",5,13
"873","NPV",9,"Full closure",12,"Jun-Dec",999,999
"874","NPV",2,"No fishing females",12,"Jun-Dec",9,13
"875","NPV",2,"No fishing males",12,"Jun-Dec",16,13
"876","NPV",4,"No fishing females",12,"Jun-Dec",9,13
"877","NPV",4,"Full closure",12,"Jun-Dec",17,13
"878","NPV",7,"Increase male size limit",12,"Jun-Dec",12,12
"879","NPV",2,"Full closure",12,"Jun-Dec",17,13
"880","NPV",4,"Increase male size limit",12,"Jun-Dec",6,13
"881","NPV",6,"No fishing males",12,"Jun-Dec",21,56
"882","NPV",3,"No fishing females",12,"Jun-Dec",9,6
"883","NPV",3,"Full closure",12,"Jun-Dec",17,6
"884","NPV",5,"No fishing females",12,"Jun-Dec",9,45
"885","NPV",6,"No fishing females",12,"Jun-Dec",9,56
"886","NPV",5,"Increase male size limit",12,"Jun-Dec",9,45
"887","NPV",7,"Full closure",12,"Jun-Dec",21,12
"888","NPV",6,"Increase male size limit",12,"Jun-Dec",10,56
"889","NPV",5,"Full closure",12,"Jun-Dec",27,45
"890","NPV",7,"No fishing females",12,"Jun-Dec",11,12
"891","NPV",1,"No fishing males",12,"Jun-Dec",22,28
"892","NPV",1,"Full closure",12,"Jun-Dec",17,28
"893","NPV",7,"No fishing males",12,"Jun-Dec",20,12
"894","NPV",6,"Full closure",12,"Jun-Dec",22,56
"895","NPV",5,"No fishing males",12,"Jun-Dec",21,45
"896","NPV",8,"No fishing males",12,"Jun-Dec",45,999
"897","NPV",8,"Increase male size limit",12,"Jun-Dec",69,999
"898","NPV",8,"No fishing females",12,"Jun-Dec",48,999
"899","NPV",9,"No fishing females",12,"Jun-Dec",999,999
"900","NPV",9,"No fishing males",12,"Jun-Dec",999,999
"901","NPV",9,"No fishing females",12,"Jun-Jul",29,52
"902","NPV",2,"Full closure",12,"Jun-Jul",17,16
"903","NPV",10,"Full closure",12,"Jun-Jul",39,33
"904","NPV",10,"Increase male size limit",12,"Jun-Jul",68,33
"905","NPV",2,"No fishing females",12,"Jun-Jul",5,16
"906","NPV",2,"Increase male size limit",12,"Jun-Jul",4,16
"907","NPV",9,"Increase male size limit",12,"Jun-Jul",34,52
"908","NPV",2,"No fishing males",12,"Jun-Jul",10,16
"909","NPV",7,"Full closure",12,"Jun-Jul",32,42
"910","NPV",10,"No fishing females",12,"Jun-Jul",41,33
"911","NPV",10,"No fishing males",12,"Jun-Jul",35,33
"912","NPV",3,"Increase male size limit",12,"Jun-Jul",4,17
"913","NPV",7,"No fishing females",12,"Jun-Jul",5,42
"914","NPV",8,"No fishing females",12,"Jun-Jul",14,40
"915","NPV",8,"Full closure",12,"Jun-Jul",42,40
"916","NPV",8,"No fishing males",12,"Jun-Jul",32,40
"917","NPV",3,"Full closure",12,"Jun-Jul",17,17
"918","NPV",4,"No fishing females",12,"Jun-Jul",5,6
"919","NPV",6,"No fishing males",12,"Jun-Jul",17,13
"920","NPV",8,"Increase male size limit",12,"Jun-Jul",3,40
"921","NPV",4,"Increase male size limit",12,"Jun-Jul",14,6
"922","NPV",4,"No fishing males",12,"Jun-Jul",25,6
"923","NPV",1,"Full closure",12,"Jun-Jul",17,21
"924","NPV",1,"No fishing males",12,"Jun-Jul",21,21
"925","NPV",6,"Full closure",12,"Jun-Jul",17,13
"926","NPV",6,"No fishing females",12,"Jun-Jul",3,13
"927","NPV",9,"No fishing males",12,"Jun-Jul",35,52
"928","NPV",9,"Full closure",12,"Jun-Jul",45,52
"929","NPV",1,"Increase male size limit",12,"Jun-Jul",3,21
"930","NPV",4,"Full closure",12,"Jun-Jul",32,6
"931","NPV",5,"No fishing females",12,"Jun-Jul",4,4
"932","NPV",7,"No fishing males",12,"Jun-Jul",17,42
"933","NPV",6,"Increase male size limit",12,"Jun-Jul",25,13
"934","NPV",7,"Increase male size limit",12,"Jun-Jul",3,42
"935","NPV",1,"No fishing females",12,"Jun-Jul",5,21
"936","NPV",3,"No fishing males",12,"Jun-Jul",17,17
"937","NPV",5,"Increase male size limit",12,"Jun-Jul",3,4
"938","NPV",5,"Full closure",12,"Jun-Jul",21,4
"939","NPV",5,"No fishing males",12,"Jun-Jul",9,4
"940","NPV",3,"No fishing females",12,"Jun-Jul",3,17
"941","NPV",9,"No fishing males",12,"Jun-Nov",999,999
"942","NPV",8,"No fishing males",12,"Jun-Nov",42,70
"943","NPV",8,"No fishing females",12,"Jun-Nov",82,70
"944","NPV",8,"Full closure",12,"Jun-Nov",61,70
"945","NPV",7,"No fishing males",12,"Jun-Nov",23,27
"946","NPV",9,"Full closure",12,"Jun-Nov",999,999
"947","NPV",10,"Increase male size limit",12,"Jun-Nov",999,999
"948","NPV",10,"No fishing females",12,"Jun-Nov",999,999
"949","NPV",10,"Full closure",12,"Jun-Nov",999,999
"950","NPV",4,"No fishing males",12,"Jun-Nov",21,5
"951","NPV",10,"No fishing males",12,"Jun-Nov",999,999
"952","NPV",7,"Full closure",12,"Jun-Nov",17,27
"953","NPV",8,"Increase male size limit",12,"Jun-Nov",48,70
"954","NPV",5,"No fishing males",12,"Jun-Nov",3,3
"955","NPV",7,"No fishing females",12,"Jun-Nov",9,27
"956","NPV",2,"Full closure",12,"Jun-Nov",29,11
"957","NPV",3,"No fishing males",12,"Jun-Nov",5,39
"958","NPV",3,"No fishing females",12,"Jun-Nov",9,39
"959","NPV",2,"No fishing males",12,"Jun-Nov",3,11
"960","NPV",2,"No fishing females",12,"Jun-Nov",9,11
"961","NPV",2,"Increase male size limit",12,"Jun-Nov",4,11
"962","NPV",3,"Increase male size limit",12,"Jun-Nov",3,39
"963","NPV",3,"Full closure",12,"Jun-Nov",17,39
"964","NPV",4,"Increase male size limit",12,"Jun-Nov",10,5
"965","NPV",4,"Full closure",12,"Jun-Nov",24,5
"966","NPV",6,"No fishing males",12,"Jun-Nov",21,22
"967","NPV",4,"No fishing females",12,"Jun-Nov",9,5
"968","NPV",6,"Full closure",12,"Jun-Nov",20,22
"969","NPV",5,"Increase male size limit",12,"Jun-Nov",4,3
"970","NPV",5,"No fishing females",12,"Jun-Nov",9,3
"971","NPV",5,"Full closure",12,"Jun-Nov",21,3
"972","NPV",6,"Increase male size limit",12,"Jun-Nov",9,22
"973","NPV",6,"No fishing females",12,"Jun-Nov",9,22
"974","NPV",9,"Increase male size limit",12,"Jun-Nov",999,999
"975","NPV",9,"No fishing females",12,"Jun-Nov",999,999
"976","NPV",1,"Increase male size limit",12,"Jun-Nov",4,6
"977","NPV",7,"Increase male size limit",12,"Jun-Nov",12,27
"978","NPV",1,"No fishing males",12,"Jun-Nov",22,6
"979","NPV",1,"Full closure",12,"Jun-Nov",17,6
"980","NPV",1,"No fishing females",12,"Jun-Nov",9,6
"981","NPV",8,"Full closure",12,"Jun-Oct",62,57
"982","NPV",8,"No fishing males",12,"Jun-Oct",49,57
"983","NPV",4,"Full closure",12,"Jun-Oct",17,5
"984","NPV",6,"Full closure",12,"Jun-Oct",17,5
"985","NPV",4,"No fishing females",12,"Jun-Oct",10,5
"986","NPV",9,"Full closure",12,"Jun-Oct",999,999
"987","NPV",6,"No fishing females",12,"Jun-Oct",10,5
"988","NPV",7,"Increase male size limit",12,"Jun-Oct",19,14
"989","NPV",6,"Increase male size limit",12,"Jun-Oct",4,5
"990","NPV",7,"Full closure",12,"Jun-Oct",17,14
"991","NPV",3,"Full closure",12,"Jun-Oct",17,9
"992","NPV",7,"No fishing males",12,"Jun-Oct",28,14
"993","NPV",7,"No fishing females",12,"Jun-Oct",10,14
"994","NPV",3,"No fishing females",12,"Jun-Oct",10,9
"995","NPV",2,"Increase male size limit",12,"Jun-Oct",3,11
"996","NPV",2,"Full closure",12,"Jun-Oct",17,11
"997","NPV",2,"No fishing females",12,"Jun-Oct",10,11
"998","NPV",6,"No fishing males",12,"Jun-Oct",23,5
"999","NPV",8,"No fishing females",12,"Jun-Oct",72,57
"1000","NPV",10,"Full closure",12,"Jun-Oct",999,999
"1001","NPV",5,"Full closure",12,"Jun-Oct",17,4
"1002","NPV",8,"Increase male size limit",12,"Jun-Oct",37,57
"1003","NPV",3,"Increase male size limit",12,"Jun-Oct",8,9
"1004","NPV",3,"No fishing males",12,"Jun-Oct",4,9
"1005","NPV",9,"No fishing females",12,"Jun-Oct",999,999
"1006","NPV",9,"No fishing males",12,"Jun-Oct",72,999
"1007","NPV",2,"No fishing males",12,"Jun-Oct",4,11
"1008","NPV",4,"Increase male size limit",12,"Jun-Oct",3,5
"1009","NPV",5,"No fishing males",12,"Jun-Oct",3,4
"1010","NPV",10,"Increase male size limit",12,"Jun-Oct",999,999
"1011","NPV",10,"No fishing females",12,"Jun-Oct",999,999
"1012","NPV",4,"No fishing males",12,"Jun-Oct",4,5
"1013","NPV",5,"Increase male size limit",12,"Jun-Oct",10,4
"1014","NPV",10,"No fishing males",12,"Jun-Oct",999,999
"1015","NPV",5,"No fishing females",12,"Jun-Oct",10,4
"1016","NPV",9,"Increase male size limit",12,"Jun-Oct",999,999
"1017","NPV",1,"Full closure",12,"Jun-Oct",17,23
"1018","NPV",1,"No fishing females",12,"Jun-Oct",10,23
"1019","NPV",1,"No fishing males",12,"Jun-Oct",4,23
"1020","NPV",1,"Increase male size limit",12,"Jun-Oct",3,23
"1021","NPV",2,"Full closure",12,"Jun-Sep",17,7
"1022","NPV",8,"No fishing females",12,"Jun-Sep",47,57
"1023","NPV",9,"No fishing females",12,"Jun-Sep",999,999
"1024","NPV",4,"Increase male size limit",12,"Jun-Sep",12,5
"1025","NPV",9,"No fishing males",12,"Jun-Sep",66,999
"1026","NPV",2,"Increase male size limit",12,"Jun-Sep",7,7
"1027","NPV",7,"No fishing females",12,"Jun-Sep",13,39
"1028","NPV",5,"No fishing females",12,"Jun-Sep",11,12
"1029","NPV",4,"No fishing females",12,"Jun-Sep",11,5
"1030","NPV",3,"Full closure",12,"Jun-Sep",17,5
"1031","NPV",6,"Full closure",12,"Jun-Sep",21,11
"1032","NPV",6,"No fishing females",12,"Jun-Sep",11,11
"1033","NPV",9,"Increase male size limit",12,"Jun-Sep",999,999
"1034","NPV",3,"No fishing females",12,"Jun-Sep",11,5
"1035","NPV",10,"No fishing males",12,"Jun-Sep",999,999
"1036","NPV",10,"Increase male size limit",12,"Jun-Sep",999,999
"1037","NPV",6,"No fishing males",12,"Jun-Sep",20,11
"1038","NPV",9,"Full closure",12,"Jun-Sep",78,999
"1039","NPV",10,"No fishing females",12,"Jun-Sep",999,999
"1040","NPV",10,"Full closure",12,"Jun-Sep",999,999
"1041","NPV",5,"No fishing males",12,"Jun-Sep",22,12
"1042","NPV",2,"No fishing females",12,"Jun-Sep",11,7
"1043","NPV",4,"No fishing males",12,"Jun-Sep",6,5
"1044","NPV",7,"No fishing males",12,"Jun-Sep",19,39
"1045","NPV",8,"No fishing males",12,"Jun-Sep",37,57
"1046","NPV",4,"Full closure",12,"Jun-Sep",17,5
"1047","NPV",2,"No fishing males",12,"Jun-Sep",23,7
"1048","NPV",5,"Full closure",12,"Jun-Sep",26,12
"1049","NPV",6,"Increase male size limit",12,"Jun-Sep",6,11
"1050","NPV",3,"No fishing males",12,"Jun-Sep",23,5
"1051","NPV",8,"Full closure",12,"Jun-Sep",48,57
"1052","NPV",3,"Increase male size limit",12,"Jun-Sep",6,5
"1053","NPV",7,"Increase male size limit",12,"Jun-Sep",14,39
"1054","NPV",5,"Increase male size limit",12,"Jun-Sep",6,12
"1055","NPV",7,"Full closure",12,"Jun-Sep",18,39
"1056","NPV",8,"Increase male size limit",12,"Jun-Sep",48,57
"1057","NPV",1,"No fishing males",12,"Jun-Sep",17,3
"1058","NPV",1,"Increase male size limit",12,"Jun-Sep",11,3
"1059","NPV",1,"No fishing females",12,"Jun-Sep",11,3
"1060","NPV",1,"Full closure",12,"Jun-Sep",17,3
"1061","NPV",6,"Full closure",12,"June",17,23
"1062","NPV",6,"No fishing females",12,"June",4,23
"1063","NPV",5,"No fishing males",12,"June",17,3
"1064","NPV",7,"Increase male size limit",12,"June",4,37
"1065","NPV",9,"No fishing females",12,"June",4,29
"1066","NPV",5,"No fishing females",12,"June",5,3
"1067","NPV",10,"No fishing males",12,"June",17,18
"1068","NPV",9,"No fishing males",12,"June",17,29
"1069","NPV",3,"No fishing females",12,"June",5,14
"1070","NPV",2,"No fishing females",12,"June",5,55
"1071","NPV",4,"Full closure",12,"June",17,16
"1072","NPV",9,"Full closure",12,"June",33,29
"1073","NPV",10,"No fishing females",12,"June",4,18
"1074","NPV",10,"Full closure",12,"June",17,18
"1075","NPV",2,"Increase male size limit",12,"June",4,55
"1076","NPV",4,"No fishing males",12,"June",17,16
"1077","NPV",4,"No fishing females",12,"June",3,16
"1078","NPV",2,"No fishing males",12,"June",34,55
"1079","NPV",4,"Increase male size limit",12,"June",6,16
"1080","NPV",9,"Increase male size limit",12,"June",3,29
"1081","NPV",7,"Full closure",12,"June",17,37
"1082","NPV",7,"No fishing females",12,"June",4,37
"1083","NPV",6,"No fishing males",12,"June",10,23
"1084","NPV",3,"Increase male size limit",12,"June",12,14
"1085","NPV",3,"Full closure",12,"June",17,14
"1086","NPV",2,"Full closure",12,"June",17,55
"1087","NPV",3,"No fishing males",12,"June",19,14
"1088","NPV",5,"Increase male size limit",12,"June",4,3
"1089","NPV",5,"Full closure",12,"June",17,3
"1090","NPV",6,"Increase male size limit",12,"June",3,23
"1091","NPV",10,"Increase male size limit",12,"June",3,18
"1092","NPV",7,"No fishing males",12,"June",22,37
"1093","NPV",8,"No fishing males",12,"June",10,17
"1094","NPV",8,"Full closure",12,"June",17,17
"1095","NPV",8,"Increase male size limit",12,"June",4,17
"1096","NPV",8,"No fishing females",12,"June",4,17
"1097","NPV",1,"No fishing males",12,"June",24,7
"1098","NPV",1,"No fishing females",12,"June",3,7
"1099","NPV",1,"Full closure",12,"June",17,7
"1100","NPV",1,"Increase male size limit",12,"June",4,7
"1101","NPV",6,"No fishing males",12,"Mar-Aug",24,15
"1102","NPV",2,"No fishing males",12,"Mar-Aug",25,6
"1103","NPV",6,"Full closure",12,"Mar-Aug",17,15
"1104","NPV",2,"No fishing females",12,"Mar-Aug",3,6
"1105","NPV",10,"No fishing males",12,"Mar-Aug",71,999
"1106","NPV",7,"No fishing females",12,"Mar-Aug",12,45
"1107","NPV",5,"Increase male size limit",12,"Mar-Aug",14,11
"1108","NPV",4,"Full closure",12,"Mar-Aug",18,12
"1109","NPV",5,"No fishing females",12,"Mar-Aug",15,11
"1110","NPV",10,"Increase male size limit",12,"Mar-Aug",999,999
"1111","NPV",4,"No fishing males",12,"Mar-Aug",26,12
"1112","NPV",10,"No fishing females",12,"Mar-Aug",999,999
"1113","NPV",10,"Full closure",12,"Mar-Aug",60,999
"1114","NPV",2,"Increase male size limit",12,"Mar-Aug",12,6
"1115","NPV",2,"Full closure",12,"Mar-Aug",17,6
"1116","NPV",4,"Increase male size limit",12,"Mar-Aug",3,12
"1117","NPV",3,"No fishing males",12,"Mar-Aug",25,17
"1118","NPV",3,"No fishing females",12,"Mar-Aug",3,17
"1119","NPV",3,"Full closure",12,"Mar-Aug",17,17
"1120","NPV",3,"Increase male size limit",12,"Mar-Aug",7,17
"1121","NPV",4,"No fishing females",12,"Mar-Aug",14,12
"1122","NPV",7,"Full closure",12,"Mar-Aug",24,45
"1123","NPV",8,"Increase male size limit",12,"Mar-Aug",62,999
"1124","NPV",6,"No fishing females",12,"Mar-Aug",12,15
"1125","NPV",8,"No fishing females",12,"Mar-Aug",3,999
"1126","NPV",1,"Full closure",12,"Mar-Aug",18,20
"1127","NPV",5,"Full closure",12,"Mar-Aug",25,11
"1128","NPV",8,"No fishing males",12,"Mar-Aug",49,999
"1129","NPV",9,"No fishing females",12,"Mar-Aug",86,999
"1130","NPV",5,"No fishing males",12,"Mar-Aug",7,11
"1131","NPV",8,"Full closure",12,"Mar-Aug",49,999
"1132","NPV",9,"Full closure",12,"Mar-Aug",61,999
"1133","NPV",9,"Increase male size limit",12,"Mar-Aug",999,999
"1134","NPV",1,"Increase male size limit",12,"Mar-Aug",3,20
"1135","NPV",1,"No fishing females",12,"Mar-Aug",3,20
"1136","NPV",1,"No fishing males",12,"Mar-Aug",25,20
"1137","NPV",6,"Increase male size limit",12,"Mar-Aug",30,15
"1138","NPV",7,"No fishing males",12,"Mar-Aug",19,45
"1139","NPV",9,"No fishing males",12,"Mar-Aug",61,999
"1140","NPV",7,"Increase male size limit",12,"Mar-Aug",30,45
"1141","NPV",10,"Full closure",12,"May-Aug",85,999
"1142","NPV",2,"No fishing females",12,"May-Aug",12,5
"1143","NPV",10,"No fishing females",12,"May-Aug",999,999
"1144","NPV",2,"Full closure",12,"May-Aug",17,5
"1145","NPV",2,"No fishing males",12,"May-Aug",7,5
"1146","NPV",3,"Increase male size limit",12,"May-Aug",10,3
"1147","NPV",3,"No fishing males",12,"May-Aug",8,3
"1148","NPV",10,"No fishing males",12,"May-Aug",56,999
"1149","NPV",3,"No fishing females",12,"May-Aug",3,3
"1150","NPV",3,"Full closure",12,"May-Aug",17,3
"1151","NPV",2,"Increase male size limit",12,"May-Aug",13,5
"1152","NPV",10,"Increase male size limit",12,"May-Aug",999,999
"1153","NPV",4,"Increase male size limit",12,"May-Aug",8,6
"1154","NPV",4,"No fishing males",12,"May-Aug",8,6
"1155","NPV",1,"No fishing males",12,"May-Aug",7,13
"1156","NPV",1,"Full closure",12,"May-Aug",24,13
"1157","NPV",4,"No fishing females",12,"May-Aug",12,6
"1158","NPV",4,"Full closure",12,"May-Aug",17,6
"1159","NPV",6,"No fishing males",12,"May-Aug",7,4
"1160","NPV",1,"Increase male size limit",12,"May-Aug",7,13
"1161","NPV",1,"No fishing females",12,"May-Aug",12,13
"1162","NPV",8,"No fishing males",12,"May-Aug",59,999
"1163","NPV",5,"No fishing males",12,"May-Aug",7,4
"1164","NPV",5,"No fishing females",12,"May-Aug",12,4
"1165","NPV",7,"No fishing females",12,"May-Aug",12,71
"1166","NPV",5,"Increase male size limit",12,"May-Aug",12,4
"1167","NPV",6,"Increase male size limit",12,"May-Aug",22,4
"1168","NPV",6,"Full closure",12,"May-Aug",18,4
"1169","NPV",7,"Increase male size limit",12,"May-Aug",15,71
"1170","NPV",7,"Full closure",12,"May-Aug",25,71
"1171","NPV",9,"Full closure",12,"May-Aug",999,999
"1172","NPV",9,"No fishing females",12,"May-Aug",80,999
"1173","NPV",6,"No fishing females",12,"May-Aug",12,4
"1174","NPV",9,"No fishing males",12,"May-Aug",87,999
"1175","NPV",9,"Increase male size limit",12,"May-Aug",84,999
"1176","NPV",7,"No fishing males",12,"May-Aug",7,71
"1177","NPV",8,"Full closure",12,"May-Aug",39,999
"1178","NPV",5,"Full closure",12,"May-Aug",18,4
"1179","NPV",8,"Increase male size limit",12,"May-Aug",15,999
"1180","NPV",8,"No fishing females",12,"May-Aug",49,999
"1181","NPV",2,"No fishing females",12,"Mar-May",4,12
"1182","NPV",10,"No fishing females",12,"Mar-May",3,52
"1183","NPV",10,"Full closure",12,"Mar-May",24,52
"1184","NPV",10,"No fishing females",12,"Mar-May",3,52
"1185","NPV",10,"Increase male size limit",12,"Mar-May",3,52
"1186","NPV",10,"No fishing males",12,"Mar-May",17,52
"1187","NPV",2,"No fishing males",12,"Mar-May",17,12
"1188","NPV",7,"No fishing males",12,"Mar-May",17,999
"1189","NPV",1,"Full closure",12,"Mar-May",21,17
"1190","NPV",6,"Full closure",12,"Mar-May",17,18
"1191","NPV",7,"Increase male size limit",12,"Mar-May",5,999
"1192","NPV",1,"Increase male size limit",12,"Mar-May",3,17
"1193","NPV",1,"No fishing males",12,"Mar-May",17,17
"1194","NPV",4,"No fishing males",12,"Mar-May",10,9
"1195","NPV",1,"No fishing females",12,"Mar-May",3,17
"1196","NPV",9,"Increase male size limit",12,"Mar-May",3,17
"1197","NPV",9,"No fishing females",12,"Mar-May",4,17
"1198","NPV",9,"Full closure",12,"Mar-May",17,17
"1199","NPV",9,"No fishing males",12,"Mar-May",19,17
"1200","NPV",5,"Increase male size limit",12,"Mar-May",5,11
"1201","NPV",5,"Full closure",12,"Mar-May",17,11
"1202","NPV",2,"Full closure",12,"Mar-May",17,12
"1203","NPV",2,"Increase male size limit",12,"Mar-May",3,12
"1204","NPV",6,"Increase male size limit",12,"Mar-May",5,18
"1205","NPV",3,"Increase male size limit",12,"Mar-May",3,9
"1206","NPV",7,"Full closure",12,"Mar-May",17,999
"1207","NPV",3,"No fishing females",12,"Mar-May",5,9
"1208","NPV",3,"No fishing males",12,"Mar-May",11,9
"1209","NPV",3,"Full closure",12,"Mar-May",31,9
"1210","NPV",6,"No fishing females",12,"Mar-May",15,18
"1211","NPV",6,"No fishing males",12,"Mar-May",27,18
"1212","NPV",4,"No fishing females",12,"Mar-May",4,9
"1213","NPV",5,"No fishing males",12,"Mar-May",30,11
"1214","NPV",4,"Full closure",12,"Mar-May",17,9
"1215","NPV",9,"No fishing females",12,"Mar-May",3,17
"1216","NPV",8,"No fishing females",12,"Mar-May",6,19
"1217","NPV",8,"No fishing males",12,"Mar-May",27,19
"1218","NPV",8,"Increase male size limit",12,"Mar-May",6,19
"1219","NPV",7,"No fishing females",12,"Mar-May",5,999
"1220","NPV",5,"No fishing females",12,"Mar-May",18,11
"1221","NPV",4,"Increase male size limit",12,"Mar-May",6,9
"1222","NPV",8,"Full closure",12,"Mar-May",20,19
"1223","NPV",10,"Full closure",12,"Jun-Aug",999,999
"1224","NPV",6,"No fishing males",12,"Jun-Aug",7,12
"1225","NPV",4,"Full closure",12,"Jun-Aug",17,20
"1226","NPV",4,"No fishing males",12,"Jun-Aug",8,20
"1227","NPV",4,"No fishing females",12,"Jun-Aug",12,20
"1228","NPV",4,"No fishing females",12,"Jun-Aug",3,20
"1229","NPV",4,"Increase male size limit",12,"Jun-Aug",7,20
"1230","NPV",1,"Full closure",12,"Jun-Aug",20,22
"1231","NPV",1,"No fishing females",12,"Jun-Aug",12,22
"1232","NPV",1,"Increase male size limit",12,"Jun-Aug",14,22
"1233","NPV",2,"Increase male size limit",12,"Jun-Aug",3,4
"1234","NPV",5,"Increase male size limit",12,"Jun-Aug",23,14
"1235","NPV",5,"Full closure",12,"Jun-Aug",17,14
"1236","NPV",10,"No fishing males",12,"Jun-Aug",74,999
"1237","NPV",1,"No fishing females",12,"Jun-Aug",12,22
"1238","NPV",10,"Increase male size limit",12,"Jun-Aug",999,999
"1239","NPV",2,"No fishing females",12,"Jun-Aug",3,4
"1240","NPV",2,"No fishing females",12,"Jun-Aug",3,4
"1241","NPV",2,"No fishing males",12,"Jun-Aug",7,4
"1242","NPV",3,"No fishing females",12,"Jun-Aug",3,5
"1243","NPV",3,"No fishing males",12,"Jun-Aug",35,5
"1244","NPV",9,"No fishing females",12,"Jun-Aug",55,999
"1245","NPV",1,"No fishing males",12,"Jun-Aug",17,22
"1246","NPV",3,"Increase male size limit",12,"Jun-Aug",19,5
"1247","NPV",3,"Full closure",12,"Jun-Aug",17,5
"1248","NPV",5,"No fishing females",12,"Jun-Aug",3,14
"1249","NPV",5,"No fishing females",12,"Jun-Aug",12,14
"1250","NPV",3,"No fishing females",12,"Jun-Aug",3,5
"1251","NPV",6,"Full closure",12,"Jun-Aug",24,12
"1252","NPV",7,"No fishing females",12,"Jun-Aug",3,14
"1253","NPV",7,"Full closure",12,"Jun-Aug",19,14
"1254","NPV",2,"Full closure",12,"Jun-Aug",21,4
"1255","NPV",5,"No fishing males",12,"Jun-Aug",7,14
"1256","NPV",8,"No fishing females",12,"Jun-Aug",60,51
"1257","NPV",8,"Full closure",12,"Jun-Aug",64,51
"1258","NPV",6,"Increase male size limit",12,"Jun-Aug",11,12
"1259","NPV",6,"No fishing females",12,"Jun-Aug",3,12
"1260","NPV",6,"No fishing females",12,"Jun-Aug",3,12
"1261","NPV",9,"Full closure",12,"Jun-Aug",999,999
"1262","NPV",9,"Increase male size limit",12,"Jun-Aug",73,999
"1263","NPV",9,"No fishing males",12,"Jun-Aug",74,999
"1264","NPV",10,"No fishing females",12,"Jun-Aug",999,999
"1265","NPV",7,"Increase male size limit",12,"Jun-Aug",12,14
"1266","NPV",8,"Increase male size limit",12,"Jun-Aug",43,51
"1267","NPV",7,"No fishing males",12,"Jun-Aug",25,14
"1268","NPV",7,"No fishing females",12,"Jun-Aug",3,14
"1269","NPV",8,"No fishing females",12,"Jun-Aug",51,51
"1270","NPV",8,"No fishing males",12,"Jun-Aug",76,51
"1271","NPV",2,"No fishing females",12,"Dec-Feb",8,36
"1272","NPV",3,"Increase male size limit",12,"Dec-Feb",7,20
"1273","NPV",3,"No fishing males",12,"Dec-Feb",14,20
"1274","NPV",10,"Full closure",12,"Dec-Feb",18,21
"1275","NPV",2,"Increase male size limit",12,"Dec-Feb",3,36
"1276","NPV",6,"No fishing females",12,"Dec-Feb",8,88
"1277","NPV",6,"No fishing males",12,"Dec-Feb",19,88
"1278","NPV",10,"No fishing females",12,"Dec-Feb",7,21
"1279","NPV",10,"No fishing females",12,"Dec-Feb",8,21
"1280","NPV",3,"Full closure",12,"Dec-Feb",17,20
"1281","NPV",4,"Full closure",12,"Dec-Feb",17,21
"1282","NPV",10,"No fishing males",12,"Dec-Feb",39,21
"1283","NPV",9,"No fishing males",12,"Dec-Feb",33,21
"1284","NPV",7,"No fishing females",12,"Dec-Feb",8,27
"1285","NPV",9,"No fishing females",12,"Dec-Feb",7,21
"1286","NPV",9,"No fishing females",12,"Dec-Feb",8,21
"1287","NPV",9,"Increase male size limit",12,"Dec-Feb",10,21
"1288","NPV",9,"Full closure",12,"Dec-Feb",19,21
"1289","NPV",5,"Increase male size limit",12,"Dec-Feb",4,21
"1290","NPV",5,"No fishing females",12,"Dec-Feb",7,21
"1291","NPV",5,"Full closure",12,"Dec-Feb",20,21
"1292","NPV",5,"No fishing males",12,"Dec-Feb",14,21
"1293","NPV",8,"No fishing females",12,"Dec-Feb",8,22
"1294","NPV",8,"No fishing females",12,"Dec-Feb",33,22
"1295","NPV",1,"No fishing females",12,"Dec-Feb",7,3
"1296","NPV",1,"No fishing females",12,"Dec-Feb",7,3
"1297","NPV",10,"Increase male size limit",12,"Dec-Feb",10,21
"1298","NPV",2,"No fishing females",12,"Dec-Feb",8,36
"1299","NPV",7,"Increase male size limit",12,"Dec-Feb",7,27
"1300","NPV",7,"Full closure",12,"Dec-Feb",33,27
"1301","NPV",7,"No fishing males",12,"Dec-Feb",27,27
"1302","NPV",2,"Full closure",12,"Dec-Feb",23,36
"1303","NPV",2,"No fishing males",12,"Dec-Feb",15,36
"1304","NPV",8,"Full closure",12,"Dec-Feb",18,22
"1305","NPV",8,"Increase male size limit",12,"Dec-Feb",10,22
"1306","NPV",3,"No fishing females",12,"Dec-Feb",8,20
"1307","NPV",3,"No fishing females",12,"Dec-Feb",8,20
"1308","NPV",6,"Full closure",12,"Dec-Feb",21,88
"1309","NPV",6,"No fishing females",12,"Dec-Feb",8,88
"1310","NPV",8,"No fishing males",12,"Dec-Feb",14,22
"1311","NPV",4,"Increase male size limit",12,"Dec-Feb",10,21
"1312","NPV",4,"No fishing females",12,"Dec-Feb",7,21
"1313","NPV",4,"No fishing males",12,"Dec-Feb",18,21
"1314","NPV",4,"No fishing females",12,"Dec-Feb",23,21
"1315","NPV",5,"No fishing females",12,"Dec-Feb",8,21
"1316","NPV",1,"Full closure",12,"Dec-Feb",17,3
"1317","NPV",1,"No fishing males",12,"Dec-Feb",17,3
"1318","NPV",7,"No fishing females",12,"Dec-Feb",8,27
"1319","NPV",6,"Increase male size limit",12,"Dec-Feb",3,88
"1320","NPV",1,"Increase male size limit",12,"Dec-Feb",5,3
